Team_id,Team,Player,Position,Matchs,On_start_%,Goals,Assists,Total_Points,Points_Average,Last_5_games_points,J_4,J_3,J_2,J_1,J_0,Avg_last_5_games,Value
1,Athletic Club,Unai Simón,PT,4,100,0,0,23,5.8,"['8', '5', '8', '2', 0]",8,5,8,2,0,4.6,4650000
1,Athletic Club,Agirrezabala,PT,4,0,0,0,0,0,"['-', '-', '-', '-', 0]",0,0,0,0,0,0.0,360000
1,Athletic Club,Ander Iru,PT,4,0,0,0,0,0,"['-', '-', '-', '-', 0]",0,0,0,0,0,0.0,330000
1,Athletic Club,De Marcos,DF,4,100,0,1,28,7,"['7', '7', '9', '5', 0]",7,7,9,5,0,5.6,4350000
1,Athletic Club,Yeray Álvarez,DF,4,100,0,0,27,6.8,"['6', '8', '8', '5', 0]",6,8,8,5,0,5.4,5390000
1,Athletic Club,Daniel Vivian,DF,4,100,0,0,22,5.5,"['5', '4', '9', '4', 0]",5,4,9,4,0,4.4,3040000
1,Athletic Club,Yuri Berchiche,DF,4,50,2,0,14,7,"['8', '6', '-', '-', 0]",8,6,0,0,0,2.8,5790000
1,Athletic Club,Lekue,DF,4,50,1,0,11,5.5,"['-', '-', '8', '3', 0]",0,0,8,3,0,2.2,970000
1,Athletic Club,Capa,DF,4,0,0,0,0,0,"['-', '-', '-', '-', 0]",0,0,0,0,0,0.0,690000
1,Athletic Club,Iñigo Martínez,DF,4,0,0,1,0,0,"['-', '-', '-', '-', 0]",0,0,0,0,0,0.0,5220000
1,Athletic Club,Balenziaga,DF,2,0,0,0,0,0,"['-', '-', '-', '-', 0]",0,0,0,0,0,0.0,350000
1,Athletic Club,Álex Berenguer,MD,2,100,0,1,35,8.8,"['4', '11', '11', '9', 0]",4,11,11,9,0,7.0,5590000
1,Athletic Club,Muniain,MD,1,100,0,0,23,5.8,"['3', '8', '7', '5', 0]",3,8,7,5,0,4.6,12020000
1,Athletic Club,Mikel Vesga,MD,3,100,2,0,22,5.5,"['6', '2', '9', '5', 0]",6,2,9,5,0,4.4,3080000
1,Athletic Club,Nico Williams,MD,4,75,0,0,22,5.5,"['7', '5', '5', '5', 0]",7,5,5,5,0,4.4,6510000
1,Athletic Club,Unai Vencedor,MD,2,0,0,0,4,2,"['-', '2', '-', '2', 0]",0,2,0,2,0,0.8,1950000
1,Athletic Club,Zarraga,MD,2,0,0,0,4,2,"['2', '2', '-', '-', 0]",2,2,0,0,0,0.8,880000
1,Athletic Club,Jon Morcillo,MD,3,0,0,1,0,0,"['2', '-', '-', '-', 0]",2,0,0,0,0,0.4,340000
1,Athletic Club,Malcom Adu,MD,1,0,0,0,0,0,"['-', '-', '-', '2', 0]",0,0,0,2,0,0.4,350000
1,Athletic Club,Dani García,MD,1,0,0,0,0,0,"['-', '-', '-', '-', 0]",0,0,0,0,0,0.0,940000
1,Athletic Club,Ander Herrera,MD,1,0,0,0,0,0,"['-', '-', '-', '-', 0]",0,0,0,0,0,0.0,3630000
1,Athletic Club,Guruzeta,DL,1,0,0,0,19,6.3,"['1', '-', '16', '2', 0]",1,0,16,2,0,3.8,1450000
1,Athletic Club,Williams,DL,0,100,0,0,14,3.5,"['5', '3', '4', '2', 0]",5,3,4,2,0,2.8,10500000
1,Athletic Club,Raúl García,DL,0,0,0,0,12,3,"['4', '3', '4', '1', 0]",4,3,4,1,0,2.4,3130000
1,Athletic Club,Sancet,DL,0,100,0,0,11,2.8,"['2', '3', '6', '0', 0]",2,3,6,0,0,2.2,4430000
1,Athletic Club,Villalibre,DL,0,25,0,0,4,4,"['4', '-', '-', '-', 0]",4,0,0,0,0,0.8,1840000
2,Club Atlético de Madrid,Oblak,PT,4,100,0,0,22,5.5,"['6', '3', '7', '6', 0]",6,3,7,6,0,4.4,6150000
2,Club Atlético de Madrid,Ivo Grbic,PT,4,0,0,0,2,2,"['-', '-', '-', '2', 0]",0,0,0,2,0,0.4,470000
2,Club Atlético de Madrid,Reinildo Mandava,DF,4,100,0,0,21,5.3,"['5', '4', '6', '6', 0]",5,4,6,6,0,4.2,5540000
2,Club Atlético de Madrid,José Giménez,DF,4,50,0,0,16,5.3,"['-', '2', '7', '7', 0]",0,2,7,7,0,3.2,4230000
2,Club Atlético de Madrid,Savic,DF,4,50,0,3,10,5,"['8', '2', '-', '-', 0]",8,2,0,0,0,2.0,4760000
2,Club Atlético de Madrid,Mario Hermoso,DF,4,0,3,0,2,2,"['-', '-', '-', '2', 0]",0,0,0,2,0,0.4,1080000
2,Club Atlético de Madrid,Nahuel Molina,DF,4,50,0,0,1,0.5,"['5', '-4', '-', '-', 0]",5,-4,0,0,0,0.2,7230000
2,Club Atlético de Madrid,Reguilón,DF,3,0,0,0,0,0,"['-', '-', '-', '-', 0]",0,0,0,0,0,0.0,2130000
2,Club Atlético de Madrid,Felipe,DF,4,0,0,0,0,0,"['-', '-', '-', '-', 0]",0,0,0,0,0,0.0,830000
2,Club Atlético de Madrid,Marcos Llorente,MD,3,100,0,0,20,5,"['4', '3', '6', '7', 0]",4,3,6,7,0,4.0,7590000
2,Club Atlético de Madrid,Lemar,MD,4,50,0,0,17,5.7,"['4', '4', '9', '-', 0]",4,4,9,0,0,3.4,4630000
2,Club Atlético de Madrid,Ferreira Carrasco,MD,2,50,0,0,16,4,"['5', '3', '2', '6', 0]",5,3,2,6,0,3.2,8140000
2,Club Atlético de Madrid,Koke,MD,2,100,0,0,16,4,"['4', '6', '3', '3', 0]",4,6,3,3,0,3.2,6430000
2,Club Atlético de Madrid,Witsel,MD,3,100,0,1,16,4,"['4', '4', '6', '2', 0]",4,4,6,2,0,3.2,5890000
2,Club Atlético de Madrid,Rodrigo de Paul,MD,2,50,0,0,15,3.8,"['4', '4', '5', '2', 0]",4,4,5,2,0,3.0,4820000
2,Club Atlético de Madrid,Saúl Ñíguez,MD,4,75,2,0,11,3.7,"['5', '-', '4', '2', 0]",5,0,4,2,0,2.2,3990000
2,Club Atlético de Madrid,Kondogbia,MD,4,25,0,0,6,3,"['-', '-', '5', '1', 0]",0,0,5,1,0,1.2,3040000
2,Club Atlético de Madrid,Carlos Martín,MD,3,0,0,0,0,0,"['-', '-', '-', '-', 0]",0,0,0,0,0,0.0,180000
2,Club Atlético de Madrid,Morata,DL,1,100,0,0,37,9.3,"['16', '7', '3', '11', 0]",16,7,3,11,0,7.4,17820000
2,Club Atlético de Madrid,Griezmann,DL,1,0,0,0,27,6.8,"['12', '4', '8', '3', 0]",12,4,8,3,0,5.4,12550000
2,Club Atlético de Madrid,João Félix,DL,0,100,0,0,24,6,"['13', '5', '5', '1', 0]",13,5,5,1,0,4.8,20400000
2,Club Atlético de Madrid,Correa,DL,0,0,0,0,8,2,"['2', '4', '1', '1', 0]",2,4,1,1,0,1.6,6310000
2,Club Atlético de Madrid,Matheus Cunha,DL,0,0,0,0,5,1.7,"['4', '-1', '2', '-', 0]",4,-1,2,0,0,1.0,4790000
3,CA Osasuna,Sergio Herrera,PT,4,100,0,0,14,3.5,"['4', '6', '2', '2', 0]",4,6,2,2,0,2.8,4380000
3,CA Osasuna,Juan Pérez,PT,4,0,0,0,0,0,"['-', '-', '-', '-', 0]",0,0,0,0,0,0.0,190000
3,CA Osasuna,Aitor Fernández,PT,4,0,0,0,0,0,"['-', '-', '-', '-', 0]",0,0,0,0,0,0.0,980000
3,CA Osasuna,David García Zub.,DF,4,100,0,0,19,4.8,"['3', '7', '5', '4', 0]",3,7,5,4,0,3.8,5070000
3,CA Osasuna,Rubén Peña,DF,4,75,0,0,14,4.7,"['5', '7', '2', '-', 0]",5,7,2,0,0,2.8,2620000
3,CA Osasuna,Unai García,DF,4,100,0,0,14,3.5,"['3', '8', '2', '1', 0]",3,8,2,1,0,2.8,1710000
3,CA Osasuna,Nacho Vidal,DF,4,50,2,0,13,3.3,"['2', '2', '5', '4', 0]",2,2,5,4,0,2.6,2660000
3,CA Osasuna,Juan Cruz,DF,4,100,0,0,12,3,"['4', '5', '1', '2', 0]",4,5,1,2,0,2.4,1470000
3,CA Osasuna,Manu Sánchez,DF,4,0,2,0,7,3.5,"['3', '-', '4', '-', 0]",3,0,4,0,0,1.4,1760000
3,CA Osasuna,Unai Dufur,DF,3,0,0,1,0,0,"['-', '-', '-', '-', 0]",0,0,0,0,0,0.0,220000
3,CA Osasuna,Aridane Hernández,DF,4,0,0,0,0,0,"['-', '-', '-', '-', 0]",0,0,0,0,0,0.0,1740000
3,CA Osasuna,Moi Gómez,MD,3,100,0,0,27,6.8,"['6', '6', '7', '8', 0]",6,6,7,8,0,5.4,5480000
3,CA Osasuna,Aimar Oroz,MD,2,100,0,0,23,5.8,"['8', '4', '2', '9', 0]",8,4,2,9,0,4.6,3410000
3,CA Osasuna,Brasanac,MD,2,0,0,0,14,4.7,"['5', '2', '5', '2', 0]",5,2,5,2,0,2.8,1580000
3,CA Osasuna,Rubén García,MD,3,0,0,1,18,6,"['-', '2', '5', '11', 0]",0,2,5,11,0,3.6,4010000
3,CA Osasuna,Jon Moncayola,MD,3,100,1,0,14,3.5,"['2', '6', '-', '6', 0]",2,6,0,6,0,2.8,5020000
3,CA Osasuna,Lucas Torró,MD,2,100,0,0,12,3,"['4', '4', '2', '2', 0]",4,4,2,2,0,2.4,3740000
3,CA Osasuna,Pablo Ibáñez,MD,2,0,0,0,6,3,"['2', '-', '-', '4', 0]",2,0,0,4,0,1.2,190000
3,CA Osasuna,Kike Barja,MD,1,25,0,1,3,1.5,"['-1', '-', '4', '-', 0]",-1,0,4,0,0,0.6,600000
3,CA Osasuna,Roberto Torres,MD,1,0,0,0,2,2,"['-', '2', '-', '-', 0]",0,2,0,0,0,0.4,1030000
3,CA Osasuna,Iker Benito,MD,0,0,0,0,0,0,"['-', '-', '-', '-', 0]",0,0,0,0,0,0.0,240000
3,CA Osasuna,Ezequiel Ávila,DL,0,100,0,0,24,6,"['9', '9', '2', '4', 0]",9,9,2,4,0,4.8,12270000
3,CA Osasuna,Kike García,DL,0,0,0,0,18,4.5,"['4', '11', '2', '1', 0]",4,11,2,1,0,3.6,4150000
3,CA Osasuna,Budimir,DL,0,50,0,0,10,3.3,"['-', '5', '3', '2', 0]",0,5,3,2,0,2.0,6070000
3,CA Osasuna,Abde Ezzalzouli,DL,0,0,0,0,8,8,"['-', '-', '-', '8', 0]",0,0,0,8,0,1.6,2750000
3,CA Osasuna,Barbero,DL,0,0,0,0,0,0,"['-', '-', '-', '-', 0]",0,0,0,0,0,0.0,210000
4,RCD Espanyol de Barcelona,Álvaro Fernández,PT,4,25,0,0,8,8,"['-', '-', '-', '8', 0]",0,0,0,8,0,1.6,1000000
4,RCD Espanyol de Barcelona,Joan García,PT,4,0,0,0,0,0,"['-', '-', '-', '-', 0]",0,0,0,0,0,0.0,210000
4,RCD Espanyol de Barcelona,Lecomte,PT,4,75,0,0,-2,-0.7,"['1', '0', '-3', '-', 0]",1,0,-3,0,0,-0.4,2650000
4,RCD Espanyol de Barcelona,Leandro Cabrera,DF,4,100,2,0,20,5,"['5', '5', '4', '6', 0]",5,5,4,6,0,4.0,3780000
4,RCD Espanyol de Barcelona,Calero,DF,4,75,0,0,17,4.3,"['4', '2', '5', '6', 0]",4,2,5,6,0,3.4,1510000
4,RCD Espanyol de Barcelona,Rubén Sánchez Sáez,DF,4,75,0,0,15,5,"['5', '6', '4', '-', 0]",5,6,4,0,0,3.0,2320000
4,RCD Espanyol de Barcelona,Brian Oliván,DF,4,100,0,0,15,3.8,"['6', '2', '1', '6', 0]",6,2,1,6,0,3.0,2140000
4,RCD Espanyol de Barcelona,Óscar Gil,DF,3,100,0,0,10,2.5,"['1', '0', '2', '7', 0]",1,0,2,7,0,2.0,2010000
4,RCD Espanyol de Barcelona,Omar El Hilali,DF,4,0,1,0,4,4,"['-', '-', '-', '-', 0]",0,0,0,0,0,0.0,160000
4,RCD Espanyol de Barcelona,Simo,DF,3,0,0,0,2,2,"['-', '-', '-', '-', 0]",0,0,0,0,0,0.0,160000
4,RCD Espanyol de Barcelona,Adrià Pedrosa,DF,3,0,0,0,0,0,"['-', '-', '-', '-', 0]",0,0,0,0,0,0.0,1240000
4,RCD Espanyol de Barcelona,Lluís Recasens,DF,2,0,0,0,0,0,"['-', '-', '-', '-', 0]",0,0,0,0,0,0.0,220000
4,RCD Espanyol de Barcelona,Aleix Vidal,DF,3,0,0,0,0,0,"['-', '-', '-', '-', 0]",0,0,0,0,0,0.0,640000
4,RCD Espanyol de Barcelona,Sergi Gómez,DF,1,50,0,0,-6,-3,"['2', '-8', '-', '-', 0]",2,-8,0,0,0,-1.2,1630000
4,RCD Espanyol de Barcelona,Edu Expósito,MD,1,75,1,0,26,6.5,"['2', '8', '6', '10', 0]",2,8,6,10,0,5.2,4960000
4,RCD Espanyol de Barcelona,Sergi Darder,MD,3,100,0,0,26,6.5,"['11', '6', '5', '4', 0]",11,6,5,4,0,5.2,7040000
4,RCD Espanyol de Barcelona,Vinicius Souza,MD,1,100,0,0,19,4.8,"['2', '7', '4', '6', 0]",2,7,4,6,0,3.8,3260000
4,RCD Espanyol de Barcelona,Keidi Bare,MD,1,0,0,0,9,3,"['-', '4', '2', '3', 0]",0,4,2,3,0,1.8,790000
4,RCD Espanyol de Barcelona,Javi Puado,MD,2,50,0,0,7,2.3,"['-', '2', '2', '3', 0]",0,2,2,3,0,1.4,1850000
4,RCD Espanyol de Barcelona,Nico Melamed,MD,1,50,0,0,7,2.3,"['3', '2', '2', '-', 0]",3,2,2,0,0,1.4,1540000
4,RCD Espanyol de Barcelona,Lazo,MD,1,0,0,0,4,2,"['2', '-', '-', '2', 0]",2,0,0,2,0,0.8,890000
4,RCD Espanyol de Barcelona,Luca Koleosho,MD,2,0,0,0,3,1.5,"['1', '2', '-', '-', 0]",1,2,0,0,0,0.6,270000
4,RCD Espanyol de Barcelona,Gori,MD,1,0,0,0,0,0,"['-', '-', '-', '-', 0]",0,0,0,0,0,0.0,220000
4,RCD Espanyol de Barcelona,Villahermosa,MD,0,0,0,0,0,0,"['-', '-', '-', '-', 0]",0,0,0,0,0,0.0,220000
4,RCD Espanyol de Barcelona,Pol Lozano,MD,0,0,0,0,0,0,"['-', '-', '-', '-', 0]",0,0,0,0,0,0.0,260000
4,RCD Espanyol de Barcelona,Joselu,DL,0,100,0,0,28,7,"['10', '5', '11', '2', 0]",10,5,11,2,0,5.6,14220000
5,FC Barcelona,Ter Stegen,PT,4,100,0,0,32,8,"['8', '7', '7', '10', 0]",8,7,7,10,0,6.4,5880000
5,FC Barcelona,Iñaki Peña,PT,4,0,5,0,0,0,"['-', '-', '-', '-', 0]",0,0,0,0,0,0.0,580000
5,FC Barcelona,Eric García,DF,4,100,0,0,28,7,"['5', '5', '7', '11', 0]",5,5,7,11,0,5.6,3460000
5,FC Barcelona,Kounde,DF,4,50,1,0,22,11,"['-', '-', '10', '12', 0]",0,0,10,12,0,4.4,11950000
5,FC Barcelona,Ronald Araujo,DF,4,100,1,0,17,4.3,"['4', '3', '3', '7', 0]",4,3,3,7,0,3.4,8060000
5,FC Barcelona,Alejandro Balde,DF,4,75,1,2,12,4,"['-', '5', '5', '2', 0]",0,5,5,2,0,2.4,2480000
5,FC Barcelona,Christensen,DF,4,50,0,0,10,5,"['2', '3', '-', '5', 0]",2,3,0,5,0,2.0,4650000
5,FC Barcelona,Jordi Alba,DF,3,25,0,0,10,3.3,"['6', '4', '-', '-', 0]",6,4,0,0,0,2.0,5950000
5,FC Barcelona,Marcos Alonso,DF,4,0,1,1,0,0,"['-', '-', '-', '-', 0]",0,0,0,0,0,0.0,2540000
5,FC Barcelona,Héctor Bellerín,DF,3,0,0,1,0,0,"['-', '-', '-', '-', 0]",0,0,0,0,0,0.0,2310000
5,FC Barcelona,Piqué,DF,2,0,0,2,0,0,"['-', '-', '-', '-', 0]",0,0,0,0,0,0.0,2790000
5,FC Barcelona,Pedri,MD,2,100,0,0,31,7.8,"['5', '9', '12', '5', 0]",5,9,12,5,0,6.2,17580000
5,FC Barcelona,Sergi Roberto,MD,4,0,0,0,22,5.5,"['2', '4', '11', '5', 0]",2,4,11,5,0,4.4,1510000
5,FC Barcelona,De Jong,MD,3,25,0,0,17,4.3,"['6', '5', '4', '2', 0]",6,5,4,2,0,3.4,8160000
5,FC Barcelona,Gavi,MD,3,100,0,0,16,4,"['2', '4', '5', '5', 0]",2,4,5,5,0,3.2,11570000
5,FC Barcelona,Sergio Busquets,MD,4,75,1,2,15,5,"['3', '-', '5', '7', 0]",3,0,5,7,0,3.0,8640000
5,FC Barcelona,Kessié,MD,4,0,1,0,8,2.7,"['2', '2', '4', '-', 0]",2,2,4,0,0,1.6,4450000
5,FC Barcelona,Pjanic,MD,3,0,0,0,0,0,"['-', '-', '-', '-', 0]",0,0,0,0,0,0.0,1030000
5,FC Barcelona,Álvaro Sanz,MD,1,0,0,0,0,0,"['-', '-', '-', '-', 0]",0,0,0,0,0,0.0,230000
5,FC Barcelona,Lewandowski,DL,0,100,0,0,43,10.8,"['6', '17', '16', '4', 0]",6,17,16,4,0,8.6,29850000
5,FC Barcelona,Raphinha,DL,0,75,0,0,35,8.8,"['6', '4', '12', '13', 0]",6,4,12,13,0,7.0,18000000
5,FC Barcelona,Dembélé,DL,0,100,0,0,31,7.8,"['7', '8', '13', '3', 0]",7,8,13,3,0,6.2,22790000
5,FC Barcelona,Ansu Fati,DL,0,0,0,0,26,6.5,"['4', '16', '4', '2', 0]",4,16,4,2,0,5.2,18310000
5,FC Barcelona,Ferrán Torres,DL,0,25,0,0,6,2,"['-', '2', '2', '2', 0]",0,2,2,2,0,1.2,7320000
5,FC Barcelona,Depay,DL,0,0,0,0,0,0,"['-', '-', '-', '-', 0]",0,0,0,0,0,0.0,4580000
6,Getafe CF,David Soria,PT,4,100,0,0,7,1.8,"['0', '4', '11', '-4', 0]",0,4,11,-4,0,2.2,3510000
6,Getafe CF,Diego Conde,PT,4,0,0,0,0,0,"['-', '-', '-', '-', 0]",0,0,0,0,0,0.0,210000
6,Getafe CF,Kiko Casilla,PT,4,0,0,0,0,0,"['-', '-', '-', '-', 0]",0,0,0,0,0,0.0,300000
6,Getafe CF,Juan Iglesias,DF,4,100,0,0,17,4.3,"['5', '3', '4', '4', 0]",5,3,4,4,0,3.2,1620000
6,Getafe CF,Domingos Duarte,DF,4,100,0,0,13,3.3,"['4', '-1', '7', '2', 0]",4,-1,7,2,0,2.4,2400000
6,Getafe CF,Gastón Álvarez,DF,4,25,1,0,12,6,"['-', '-', '4', '8', 0]",0,0,4,8,0,2.4,700000
6,Getafe CF,Djené,DF,4,100,0,0,5,1.3,"['1', '0', '4', '-1', 0]",1,0,4,-1,0,0.8,2300000
6,Getafe CF,Mitrovic,DF,4,50,0,0,1,0.3,"['-1', '0', '-', '2', 0]",-1,0,0,2,0,0.2,1020000
6,Getafe CF,Kofi,DF,3,0,0,0,0,0,"['-', '-', '-', '-', 0]",0,0,0,0,0,0.0,480000
6,Getafe CF,Omar Alderete,DF,3,0,0,0,0,0,"['-', '-', '-', '-', 0]",0,0,0,0,0,0.0,1930000
6,Getafe CF,Damián Suárez,DF,4,0,0,0,0,0,"['-', '-', '-', '-', 0]",0,0,0,0,0,0.0,2470000
6,Getafe CF,Amavi,DF,4,0,0,0,0,0,"['-', '-', '-', '-', 0]",0,0,0,0,0,0.0,840000
6,Getafe CF,Angileri,DF,4,75,0,0,-4,-1.3,"['1', '-3', '-', '-1', 0]",1,-3,0,-1,0,-0.6,1490000
6,Getafe CF,Mauro Arambarri,MD,2,100,1,0,15,3.8,"['6', '4', '5', '0', 0]",6,4,5,0,0,3.0,4590000
6,Getafe CF,Jaime Seoane,MD,1,50,0,0,8,2,"['2', '2', '2', '2', 0]",2,2,2,2,0,1.6,1950000
6,Getafe CF,Maksimovic,MD,3,50,0,0,7,1.8,"['2', '2', '2', '1', 0]",2,2,2,1,0,1.4,3260000
6,Getafe CF,Aleñá,MD,1,100,0,0,3,0.8,"['0', '1', '2', '0', 0]",0,1,2,0,0,0.6,1440000
6,Getafe CF,Moi Parra,MD,1,0,0,0,0,0,"['3', '-', '-', '-', 0]",3,0,0,0,0,0.6,290000
6,Getafe CF,Luis Milla,MD,0,0,0,0,0,0,"['-', '-', '-', '-', 0]",0,0,0,0,0,0.0,5390000
6,Getafe CF,Enes Ünal,DL,0,100,0,0,21,5.3,"['4', '11', '4', '2', 0]",4,11,4,2,0,4.2,12880000
6,Getafe CF,Portu,DL,0,50,0,0,8,2,"['3', '2', '4', '1', 0]",3,2,4,1,0,2.0,5090000
6,Getafe CF,Jaime Mata,DL,0,0,0,0,7,2.3,"['2', '-', '2', '3', 0]",2,0,2,3,0,1.4,570000
6,Getafe CF,Borja Mayoral,DL,0,100,0,0,5,1.3,"['-1', '1', '4', '2', 0]",-1,1,4,2,0,1.2,5820000
6,Getafe CF,Munir El Haddadi,DL,0,0,0,0,2,2,"['-', '-', '-', '2', 0]",0,0,0,2,0,0.4,1830000
6,Getafe CF,Latasa,DL,0,0,0,0,2,2,"['-', '-', '2', '-', 0]",0,0,2,0,0,0.4,1200000
7,Real Madrid CF,Courtois,PT,4,100,3,1,19,4.8,"['7', '2', '5', '5', 0]",7,2,5,5,0,3.8,7620000
7,Real Madrid CF,Lunin,PT,4,0,0,0,0,0,"['-', '-', '-', '-', 0]",0,0,0,0,0,0.0,560000
7,Real Madrid CF,Alaba,DF,4,75,3,1,28,7,"['14', '5', '2', '7', 0]",14,5,2,7,0,5.6,9970000
7,Real Madrid CF,Lucas Vázquez,DF,4,50,0,1,18,6,"['14', '2', '2', '-', 0]",14,2,2,0,0,3.6,4800000
7,Real Madrid CF,Éder Militão,DF,4,75,1,2,13,4.3,"['-', '2', '6', '5', 0]",0,2,6,5,0,2.6,7420000
7,Real Madrid CF,Carvajal,DF,3,50,0,0,10,3.3,"['4', '2', '4', '-', 0]",4,2,4,0,0,2.0,4830000
7,Real Madrid CF,Rüdiger,DF,4,50,1,1,10,3.3,"['-', '3', '2', '5', 0]",0,3,2,5,0,2.0,9960000
7,Real Madrid CF,Ferland Mendy,DF,4,75,1,1,9,3,"['2', '5', '-', '2', 0]",2,5,0,2,0,1.8,5380000
7,Real Madrid CF,Nacho Fernández,DF,3,25,0,0,4,4,"['4', '-', '-', '-', 0]",4,0,0,0,0,0.8,1700000
7,Real Madrid CF,Odriozola,DF,4,0,0,0,0,0,"['-', '-', '-', '-', 0]",0,0,0,0,0,0.0,600000
7,Real Madrid CF,Jesús Vallejo,DF,4,0,0,0,0,0,"['-', '-', '-', '-', 0]",0,0,0,0,0,0.0,580000
7,Real Madrid CF,Modric,MD,3,75,1,0,33,8.3,"['4', '16', '4', '9', 0]",4,16,4,9,0,6.6,14100000
7,Real Madrid CF,Fede Valverde,MD,3,75,0,0,30,7.5,"['8', '12', '3', '7', 0]",8,12,3,7,0,6.0,13080000
7,Real Madrid CF,Tchouaméni,MD,3,100,0,0,29,7.3,"['4', '8', '7', '10', 0]",4,8,7,10,0,5.8,11260000
7,Real Madrid CF,Kroos,MD,2,50,1,1,17,5.7,"['9', '-', '4', '4', 0]",9,0,4,4,0,3.4,15240000
7,Real Madrid CF,Camavinga,MD,1,75,0,0,15,3.8,"['4', '5', '4', '2', 0]",4,5,4,2,0,3.0,9050000
7,Real Madrid CF,Dani Ceballos,MD,4,0,0,0,14,3.5,"['3', '3', '5', '3', 0]",3,3,5,3,0,2.8,2700000
7,Real Madrid CF,Vinícius Júnior,DL,2,100,0,0,39,9.8,"['7', '14', '10', '8', 0]",7,14,10,8,0,7.8,23200000
7,Real Madrid CF,Benzema,DL,1,100,0,0,31,7.8,"['3', '7', '17', '4', 0]",3,7,17,4,0,6.2,28870000
7,Real Madrid CF,Rodrygo,DL,1,25,0,0,18,9,"['-', '-', '6', '12', 0]",0,0,6,12,0,3.6,11400000
7,Real Madrid CF,Asensio,DL,0,0,0,0,3,3,"['-', '3', '-', '-', 0]",0,3,0,0,0,0.6,3840000
7,Real Madrid CF,Eden Hazard,DL,0,0,0,0,1,0.5,"['4', '-3', '-', '-', 0]",4,-3,0,0,0,0.2,6020000
7,Real Madrid CF,Mariano Díaz,DL,0,0,0,0,0,0,"['-', '-', '-', '-', 0]",0,0,0,0,0,0.0,1390000
7,Real Madrid CF,Peter González,DL,0,0,0,0,0,0,"['-', '-', '-', '-', 0]",0,0,0,0,0,0.0,570000
8,Rayo Vallecano de Madrid,Dimitrievski,PT,4,100,0,0,20,5,"['11', '6', '1', '2', 0]",11,6,1,2,0,4.0,4590000
8,Rayo Vallecano de Madrid,Miguel Morro,PT,4,0,0,0,0,0,"['-', '-', '-', '-', 0]",0,0,0,0,0,0.0,180000
8,Rayo Vallecano de Madrid,Diego López,PT,4,0,1,0,0,0,"['-', '-', '-', '-', 0]",0,0,0,0,0,0.0,2050000
8,Rayo Vallecano de Madrid,Catena,DF,4,100,0,0,22,5.5,"['6', '5', '3', '8', 0]",6,5,3,8,0,4.4,4390000
8,Rayo Vallecano de Madrid,Fran García,DF,4,100,0,0,13,3.3,"['5', '3', '4', '1', 0]",5,3,4,1,0,2.6,3350000
8,Rayo Vallecano de Madrid,Balliu,DF,4,100,0,1,12,3,"['2', '6', '4', '0', 0]",2,6,4,0,0,2.4,2510000
8,Rayo Vallecano de Madrid,Lejeune,DF,4,75,0,0,12,4,"['5', '-6', '-', '13', 0]",5,-6,0,13,0,2.4,2310000
8,Rayo Vallecano de Madrid,Mario Suárez,DF,4,0,0,0,2,2,"['-', '2', '-', '-', 0]",0,2,0,0,0,0.4,450000
8,Rayo Vallecano de Madrid,Pep Chavarría,DF,3,0,0,1,0,0,"['-', '-', '-', '-', 0]",0,0,0,0,0,0.0,720000
8,Rayo Vallecano de Madrid,Abdul Mumin,DF,3,0,1,0,0,0,"['-', '-', '-', '-', 0]",0,0,0,0,0,0.0,740000
8,Rayo Vallecano de Madrid,Mario Hernández,DF,4,0,0,0,0,0,"['-', '-', '-', '-', 0]",0,0,0,0,0,0.0,390000
8,Rayo Vallecano de Madrid,Saveljich,DF,3,0,1,0,0,0,"['-', '-', '-', '-', 0]",0,0,0,0,0,0.0,680000
8,Rayo Vallecano de Madrid,Pathé Ciss,MD,4,100,0,0,26,6.5,"['7', '12', '5', '2', 0]",7,12,5,2,0,5.2,3840000
8,Rayo Vallecano de Madrid,Isi Palazón,MD,4,50,0,0,17,5.7,"['7', '9', '-', '1', 0]",7,9,0,1,0,3.4,4510000
8,Rayo Vallecano de Madrid,Trejo,MD,2,100,0,0,15,3.8,"['3', '6', '4', '2', 0]",3,6,4,2,0,3.0,6130000
8,Rayo Vallecano de Madrid,Álvaro García,MD,1,100,0,0,15,3.8,"['2', '2', '6', '5', 0]",2,2,6,5,0,3.0,6880000
8,Rayo Vallecano de Madrid,Óscar Valentín,MD,2,50,0,0,14,3.5,"['4', '2', '6', '2', 0]",4,2,6,2,0,2.8,2540000
8,Rayo Vallecano de Madrid,Salvi,MD,2,50,0,0,13,3.3,"['2', '4', '4', '3', 0]",2,4,4,3,0,2.6,960000
8,Rayo Vallecano de Madrid,Unai López,MD,1,75,0,0,9,3,"['2', '5', '2', '-', 0]",2,5,2,0,0,1.8,1260000
8,Rayo Vallecano de Madrid,Pozo,MD,1,0,0,0,7,3.5,"['4', '-', '3', '-', 0]",4,0,3,0,0,1.4,710000
8,Rayo Vallecano de Madrid,Comesaña,MD,0,0,0,0,6,3,"['-', '-', '4', '2', 0]",0,0,4,2,0,1.2,2500000
8,Rayo Vallecano de Madrid,Bebé,MD,0,0,0,0,2,2,"['-', '-', '2', '-', 0]",0,0,2,0,0,0.4,980000
8,Rayo Vallecano de Madrid,Álvaro Aguirre,MD,0,0,0,0,0,0,"['-', '-', '-', '-', 0]",0,0,0,0,0,0.0,210000
8,Rayo Vallecano de Madrid,Randy Nteka,DL,0,0,0,0,8,4,"['2', '2', '2', '2', 0]",2,2,2,2,0,1.6,1230000
8,Rayo Vallecano de Madrid,Sergio Camello,DL,0,75,0,0,8,2,"['-', '4', '4', '-', 0]",0,4,4,0,0,1.6,2320000
8,Rayo Vallecano de Madrid,Falcao,DL,0,25,0,0,7,1.8,"['2', '1', '2', '2', 0]",2,1,2,2,0,1.4,4610000
9,RCD Mallorca,Rajkovic,PT,4,100,0,0,20,5,"['11', '1', '6', '2', 0]",11,1,6,2,0,4.0,4290000
9,RCD Mallorca,Greif,PT,4,0,0,0,0,0,"['-', '-', '-', '-', 0]",0,0,0,0,0,0.0,230000
9,RCD Mallorca,Leo Román,PT,4,0,1,0,0,0,"['-', '-', '-', '-', 0]",0,0,0,0,0,0.0,840000
9,RCD Mallorca,Raíllo,DF,4,100,0,0,28,7,"['5', '3', '7', '13', 0]",5,3,7,13,0,5.6,3080000
9,RCD Mallorca,Martin Valjent,DF,4,100,0,0,22,5.5,"['8', '3', '7', '4', 0]",8,3,7,4,0,4.4,2220000
9,RCD Mallorca,Copete,DF,4,100,0,0,19,4.8,"['7', '2', '7', '3', 0]",7,2,7,3,0,3.8,3080000
9,RCD Mallorca,Maffeo,DF,4,100,2,0,16,4,"['5', '4', '7', '0', 0]",5,4,7,0,0,3.2,3340000
9,RCD Mallorca,Jaume Costa,DF,4,100,0,0,16,4,"['3', '5', '5', '3', 0]",3,5,5,3,0,3.2,2720000
9,RCD Mallorca,Nastasic,DF,4,0,1,2,0,0,"['-', '-', '-', '-', 0]",0,0,0,0,0,0.0,1120000
9,RCD Mallorca,Braian Cufré,DF,4,0,0,1,0,0,"['-', '-', '-', '-', 0]",0,0,0,0,0,0.0,380000
9,RCD Mallorca,Josep Gayá,DF,4,0,0,0,0,0,"['-', '-', '-', '-', 0]",0,0,0,0,0,0.0,230000
9,RCD Mallorca,Giovanni González,DF,4,0,0,0,0,0,"['-', '-', '-', '-', 0]",0,0,0,0,0,0.0,320000
9,RCD Mallorca,Franco Russo,DF,4,0,0,0,0,0,"['-', '-', '-', '-', 0]",0,0,0,0,0,0.0,400000
9,RCD Mallorca,Kang-In Lee,MD,2,100,0,0,37,9.3,"['4', '11', '11', '11', 0]",4,11,11,11,0,7.4,3290000
9,RCD Mallorca,Grenier,MD,1,75,0,0,14,3.5,"['4', '4', '4', '2', 0]",4,4,4,2,0,2.8,2140000
9,RCD Mallorca,Dani Rodríguez,MD,2,100,0,0,13,3.3,"['4', '0', '5', '4', 0]",4,0,5,4,0,2.6,3120000
9,RCD Mallorca,Rodrigo Battaglia,MD,2,100,0,0,8,2,"['4', '-1', '2', '3', 0]",4,-1,2,3,0,1.6,1280000
9,RCD Mallorca,Antonio Sánchez,MD,0,25,0,0,6,1.5,"['2', '4', '-', '-', 0]",2,4,0,0,0,1.2,620000
9,RCD Mallorca,Idrissu Baba,MD,0,0,0,0,6,3,"['1', '2', '1', '2', 0]",1,2,1,2,0,1.2,1680000
9,RCD Mallorca,Ruiz de Galarreta,MD,0,0,0,0,4,2,"['-', '-', '2', '2', 0]",0,0,2,2,0,0.8,720000
9,RCD Mallorca,Lago Júnior,MD,0,0,0,0,4,2,"['2', '2', '-', '-', 0]",2,2,0,0,0,0.8,370000
9,RCD Mallorca,Javi Llabres,MD,0,0,0,0,2,2,"['-', '-', '2', '-', 0]",0,0,2,0,0,0.4,250000
9,RCD Mallorca,Amath Ndiaye,MD,0,0,0,0,0,0,"['-', '-', '-', '-', 0]",0,0,0,0,0,0.0,300000
9,RCD Mallorca,Muriqi,DL,0,100,0,0,26,6.5,"['2', '9', '11', '4', 0]",2,9,11,4,0,5.2,10900000
9,RCD Mallorca,Abdón Prats,DL,0,0,0,0,12,3,"['2', '4', '2', '4', 0]",2,4,2,4,0,2.4,810000
10,Real Betis Balompié,Rui Silva,PT,4,100,0,0,26,6.5,"['7', '9', '8', '2', 0]",7,9,8,2,0,5.2,3280000
10,Real Betis Balompié,Dani Martín,PT,4,0,0,1,0,0,"['-', '-', '-', '-', 0]",0,0,0,0,0,0.0,200000
10,Real Betis Balompié,Claudio Bravo,PT,4,0,0,0,0,0,"['-', '-', '-', '-', 0]",0,0,0,0,0,0.0,1470000
10,Real Betis Balompié,Édgar González,DF,4,100,0,0,22,5.5,"['6', '4', '8', '4', 0]",6,4,8,4,0,4.4,3120000
10,Real Betis Balompié,Pezzella,DF,4,75,4,1,11,3.7,"['-', '-', '2', '9', 0]",0,0,2,9,0,2.2,2830000
10,Real Betis Balompié,Luiz Felipe,DF,4,25,2,0,11,5.5,"['10', '5', '-4', '-', 0]",10,5,-4,0,0,2.2,4300000
10,Real Betis Balompié,Álex Moreno,DF,4,100,0,1,7,1.8,"['4', '2', '3', '-1', 0]",4,2,3,-1,0,1.6,5360000
10,Real Betis Balompié,Sabaly,DF,4,25,0,0,5,5,"['-', '-', '-', '5', 0]",0,0,0,5,0,1.0,2030000
10,Real Betis Balompié,Fran Delgado,DF,3,0,0,1,2,0,"['2', '-', '-', '-', 0]",2,0,0,0,0,0.4,250000
10,Real Betis Balompié,Martín Montoya,DF,3,0,0,0,0,0,"['-', '-', '-', '-', 0]",0,0,0,0,0,0.0,250000
10,Real Betis Balompié,Víctor Ruiz,DF,3,0,0,0,0,0,"['-', '-', '-', '-', 0]",0,0,0,0,0,0.0,440000
10,Real Betis Balompié,Juan Miranda,DF,2,0,1,0,0,0,"['-', '-', '-', '-', 0]",0,0,0,0,0,0.0,600000
10,Real Betis Balompié,Guido Rodríguez,MD,2,100,0,0,22,5.5,"['7', '4', '6', '5', 0]",7,4,6,5,0,4.4,7420000
10,Real Betis Balompié,Fekir,MD,2,100,0,0,18,4.5,"['7', '5', '5', '1', 0]",7,5,5,1,0,3.6,15410000
10,Real Betis Balompié,William Carvalho,MD,1,75,0,0,18,6,"['9', '2', '7', '-', 0]",9,2,7,0,0,3.6,5650000
10,Real Betis Balompié,Canales,MD,2,25,0,0,17,8.5,"['-', '-', '3', '14', 0]",0,0,3,14,0,3.4,13370000
10,Real Betis Balompié,Aitor Ruibal,MD,2,75,0,0,15,3.8,"['5', '2', '5', '3', 0]",5,2,5,3,0,3.0,2120000
10,Real Betis Balompié,Rodrigo Sánchez,MD,1,75,0,0,8,2.7,"['5', '1', '2', '-', 0]",5,1,2,0,0,1.6,1330000
10,Real Betis Balompié,Luiz Henrique,MD,1,0,0,0,3,1.5,"['-', '-', '2', '1', 0]",0,0,2,1,0,0.6,5100000
10,Real Betis Balompié,Paul Akouokou,MD,2,0,0,0,0,0,"['-', '3', '-', '-', 0]",0,3,0,0,0,0.6,400000
10,Real Betis Balompié,Joaquín,MD,2,0,0,0,2,2,"['-', '-', '-', '2', 0]",0,0,0,2,0,0.4,620000
10,Real Betis Balompié,Guardado,MD,1,25,0,0,0,0,"['-', '-', '-', '2', 0]",0,0,0,2,0,0.4,480000
10,Real Betis Balompié,Camarasa,MD,1,0,0,0,0,0,"['-', '-', '-', '-', 0]",0,0,0,0,0,0.0,230000
10,Real Betis Balompié,Borja Iglesias,DL,0,100,0,0,40,10,"['12', '15', '9', '4', 0]",12,15,9,4,0,8.0,15860000
10,Real Betis Balompié,Juanmi Jiménez,DL,0,100,0,0,19,4.8,"['16', '-1', '2', '2', 0]",16,-1,2,2,0,3.8,14560000
10,Real Betis Balompié,Loren Morón,DL,0,0,0,0,5,2.5,"['3', '2', '-', '-', 0]",3,2,0,0,0,1.0,550000
10,Real Betis Balompié,Willian José,DL,0,0,0,0,3,3,"['-', '-', '-', '3', 0]",0,0,0,3,0,0.6,4630000
11,Real Sociedad de Fútbol,Alex Remiro,PT,4,100,0,0,23,5.8,"['7', '-1', '11', '6', 0]",7,-1,11,6,0,4.6,5280000
11,Real Sociedad de Fútbol,Andoni Zubiaurre,PT,4,0,1,0,0,0,"['-', '-', '-', '-', 0]",0,0,0,0,0,0.0,400000
11,Real Sociedad de Fútbol,Le Normand,DF,4,100,0,0,14,3.5,"['6', '1', '5', '2', 0]",6,1,5,2,0,2.8,6170000
11,Real Sociedad de Fútbol,Zubeldia,DF,4,100,0,1,13,3.3,"['5', '2', '4', '2', 0]",5,2,4,2,0,2.6,1780000
11,Real Sociedad de Fútbol,Aritz Elustondo,DF,4,50,0,1,12,3,"['6', '0', '4', '2', 0]",6,0,4,2,0,2.4,3710000
11,Real Sociedad de Fútbol,Aihen Muñoz,DF,4,75,0,0,9,2.3,"['2', '-1', '4', '4', 0]",2,-1,4,4,0,1.8,990000
11,Real Sociedad de Fútbol,Gorosabel,DF,4,50,0,0,8,2.7,"['-', '2', '5', '1', 0]",0,2,5,1,0,1.6,1930000
11,Real Sociedad de Fútbol,Álex Sola,DF,4,0,0,0,3,3,"['3', '-', '-', '-', 0]",3,0,0,0,0,0.6,310000
11,Real Sociedad de Fútbol,Diego Rico,DF,4,25,1,0,3,3,"['-', '-', '-', '3', 0]",0,0,0,3,0,0.6,2520000
11,Real Sociedad de Fútbol,Jon Pacheco,DF,4,0,0,0,2,2,"['-', '-', '2', '-', 0]",0,0,2,0,0,0.4,360000
11,Real Sociedad de Fútbol,Brais Méndez,MD,3,100,0,0,24,6,"['5', '2', '11', '6', 0]",5,2,11,6,0,4.8,7310000
11,Real Sociedad de Fútbol,Mikel Merino,MD,4,100,0,1,23,5.8,"['11', '6', '1', '5', 0]",11,6,1,5,0,4.6,11040000
11,Real Sociedad de Fútbol,Zubimendi,MD,2,100,1,0,20,5,"['4', '2', '11', '3', 0]",4,2,11,3,0,4.0,4610000
11,Real Sociedad de Fútbol,Kubo,MD,1,75,0,0,16,4,"['6', '4', '4', '2', 0]",6,4,4,2,0,3.2,7170000
11,Real Sociedad de Fútbol,Silva,MD,1,100,0,0,16,4,"['9', '3', '2', '2', 0]",9,3,2,2,0,3.2,7530000
11,Real Sociedad de Fútbol,Ander Barrenetxea,MD,3,0,0,0,4,1.3,"['3', '-', '1', '-', 0]",3,0,1,0,0,0.8,980000
11,Real Sociedad de Fútbol,Illarramendi,MD,3,0,0,0,4,2,"['2', '-', '1', '1', 0]",2,0,1,1,0,0.8,1270000
11,Real Sociedad de Fútbol,Beñat Turrientes,MD,1,0,1,0,2,2,"['-', '2', '-', '-', 0]",0,2,0,0,0,0.4,380000
11,Real Sociedad de Fútbol,Robert Navarro,MD,2,0,0,0,2,2,"['-', '2', '-', '-', 0]",0,2,0,0,0,0.4,380000
11,Real Sociedad de Fútbol,Merquelanz,MD,1,0,0,0,0,0,"['-', '-', '-', '-', 0]",0,0,0,0,0,0.0,290000
11,Real Sociedad de Fútbol,Ander Martín,MD,1,0,0,0,0,0,"['-', '-', '-', '-', 0]",0,0,0,0,0,0.0,210000
11,Real Sociedad de Fútbol,Guevara,MD,1,0,0,0,0,0,"['-', '-', '-', '-', 0]",0,0,0,0,0,0.0,270000
11,Real Sociedad de Fútbol,Umar Sadiq,DL,1,75,0,0,23,5.8,"['2', '5', '7', '9', 0]",2,5,7,9,0,4.6,14470000
11,Real Sociedad de Fútbol,Ali Cho,DL,0,50,0,0,16,4,"['0', '2', '4', '10', 0]",0,2,4,10,0,3.2,6190000
11,Real Sociedad de Fútbol,Karrikaburu,DL,0,0,0,0,10,3.3,"['6', '2', '2', '-', 0]",6,2,2,0,0,2.0,1770000
11,Real Sociedad de Fútbol,Sorloth,DL,0,25,0,0,2,2,"['-', '-', '-', '2', 0]",0,0,0,2,0,0.4,3480000
11,Real Sociedad de Fútbol,Carlos Fernández,DL,0,0,0,0,0,0,"['-', '-', '-', '-', 0]",0,0,0,0,0,0.0,970000
11,Real Sociedad de Fútbol,Oyarzabal,DL,0,0,0,0,0,0,"['-', '-', '-', '-', 0]",0,0,0,0,0,0.0,5910000
12,Villarreal CF,Rulli,PT,4,100,0,0,36,9,"['12', '11', '8', '5', 0]",12,11,8,5,0,7.2,4990000
12,Villarreal CF,Pepe Reina,PT,4,0,0,1,0,0,"['-', '-', '-', '-', 0]",0,0,0,0,0,0.0,870000
12,Villarreal CF,Alfonso Pedraza,DF,4,100,0,0,25,6.3,"['4', '8', '6', '7', 0]",4,8,6,7,0,5.0,3990000
12,Villarreal CF,Pau Torres,DF,4,100,0,0,24,6,"['3', '7', '7', '7', 0]",3,7,7,7,0,4.8,7780000
12,Villarreal CF,Albiol,DF,4,100,0,0,23,5.8,"['4', '7', '4', '8', 0]",4,7,4,8,0,4.6,4500000
12,Villarreal CF,Juan Foyth,DF,4,75,0,0,15,5,"['3', '10', '2', '-', 0]",3,10,2,0,0,3.0,5670000
12,Villarreal CF,Johan Mojica,DF,4,75,2,0,10,3.3,"['1', '7', '2', '-', 0]",1,7,2,0,0,2.0,4200000
12,Villarreal CF,Kiko Femenía,DF,4,25,1,1,8,4,"['-', '-', '2', '6', 0]",0,0,2,6,0,1.6,1580000
12,Villarreal CF,Aïssa Mandi,DF,4,0,1,1,4,2,"['2', '-', '-', '2', 0]",2,0,0,2,0,0.8,970000
12,Villarreal CF,Jorge Cuenca,DF,3,0,0,0,0,0,"['-', '-', '-', '-', 0]",0,0,0,0,0,0.0,970000
12,Villarreal CF,Álex Baena,MD,3,0,1,0,28,7,"['19', '4', '2', '3', 0]",19,4,2,3,0,5.6,4010000
12,Villarreal CF,Parejo,MD,4,100,1,0,26,6.5,"['10', '8', '3', '5', 0]",10,8,3,5,0,5.2,17910000
12,Villarreal CF,Coquelin,MD,4,25,1,0,21,5.3,"['6', '2', '1', '12', 0]",6,2,1,12,0,4.2,3470000
12,Villarreal CF,Lo Celso,MD,2,75,0,0,19,6.3,"['-', '3', '6', '10', 0]",0,3,6,10,0,3.8,9830000
12,Villarreal CF,Yéremi Pino,MD,4,100,0,1,18,4.5,"['7', '8', '1', '2', 0]",7,8,1,2,0,3.6,8390000
12,Villarreal CF,Capoue,MD,4,100,2,0,17,4.3,"['5', '4', '5', '4', 0]",5,4,5,4,0,3.6,5270000
12,Villarreal CF,Samu Chukwueze,MD,2,0,0,0,15,3.8,"['5', '2', '4', '4', 0]",5,2,4,4,0,3.0,3650000
12,Villarreal CF,Morlanes,MD,0,0,0,0,0,0,"['-', '-', '-', '-', 0]",0,0,0,0,0,0.0,690000
12,Villarreal CF,Alberto Moreno,MD,0,0,0,0,0,0,"['-', '-', '-', '-', 0]",0,0,0,0,0,0.0,880000
12,Villarreal CF,Carlo Adriano,MD,0,0,0,0,0,0,"['-', '-', '-', '-', 0]",0,0,0,0,0,0.0,320000
12,Villarreal CF,Trigueros,MD,0,0,0,0,0,0,"['-', '-', '-', '-', 0]",0,0,0,0,0,0.0,2430000
12,Villarreal CF,Gerard Moreno,DL,0,100,0,0,22,5.5,"['2', '6', '5', '9', 0]",2,6,5,9,0,4.4,19000000
12,Villarreal CF,Nicolas Jackson,DL,0,75,0,0,20,5,"['10', '2', '2', '6', 0]",10,2,2,6,0,4.0,4960000
12,Villarreal CF,Morales,DL,0,25,0,0,16,4,"['2', '2', '3', '9', 0]",2,2,3,9,0,3.2,7220000
12,Villarreal CF,Danjuma,DL,0,0,0,0,0,0,"['-', '-', '-', '-', 0]",0,0,0,0,0,0.0,7880000
13,Valencia CF,Mamardashvili,PT,4,100,0,0,20,5,"['6', '2', '8', '4', 0]",6,2,8,4,0,4.0,3400000
13,Valencia CF,Jaume Doménech,PT,4,0,0,0,0,0,"['-', '-', '-', '-', 0]",0,0,0,0,0,0.0,430000
13,Valencia CF,Lato,DF,4,50,1,0,24,6,"['2', '2', '5', '15', 0]",2,2,5,15,0,4.8,790000
13,Valencia CF,Thierry Correia,DF,4,100,0,2,18,4.5,"['2', '7', '3', '6', 0]",2,7,3,6,0,3.6,3420000
13,Valencia CF,Diakhaby,DF,4,100,0,0,14,3.5,"['3', '2', '3', '6', 0]",3,2,3,6,0,2.8,1840000
13,Valencia CF,Foulquier,DF,4,0,0,2,10,2.5,"['2', '4', '2', '2', 0]",2,4,2,2,0,2.0,1360000
13,Valencia CF,Cömert,DF,4,75,1,0,7,2.3,"['-3', '-', '4', '6', 0]",-3,0,4,6,0,1.4,670000
13,Valencia CF,Cristhian Mosquera,DF,3,0,1,0,5,2.5,"['-', '5', '-', '-', 0]",0,5,0,0,0,1.0,620000
13,Valencia CF,Gabriel Paulista,DF,3,25,0,0,5,5,"['4', '-', '-', '1', 0]",4,0,0,1,0,1.0,4290000
13,Valencia CF,Jesús Vázquez,DF,4,50,1,0,3,1.5,"['3', '0', '-', '-', 0]",3,0,0,0,0,0.6,1450000
13,Valencia CF,Gayà,DF,3,0,1,0,0,0,"['-', '-', '-', '-', 0]",0,0,0,0,0,0.0,5280000
13,Valencia CF,Rubén Iranzo,DF,2,0,0,0,0,0,"['-', '-', '-', '-', 0]",0,0,0,0,0,0.0,200000
13,Valencia CF,Özkacar,DF,3,0,0,0,0,0,"['-', '-', '-', '-', 0]",0,0,0,0,0,0.0,1160000
13,Valencia CF,Samu Castillejo,MD,4,100,1,0,23,5.8,"['3', '4', '4', '12', 0]",3,4,4,12,0,4.6,7430000
13,Valencia CF,Yunus Musah,MD,1,100,0,0,23,5.8,"['2', '3', '6', '12', 0]",2,3,6,12,0,4.6,2580000
13,Valencia CF,Guillamón,MD,3,100,0,0,22,5.5,"['5', '4', '2', '11', 0]",5,4,2,11,0,4.4,3000000
13,Valencia CF,Samuel Lino,MD,4,100,0,0,22,5.5,"['4', '2', '4', '12', 0]",4,2,4,12,0,4.4,5030000
13,Valencia CF,Nico González,MD,2,25,0,0,21,5.3,"['3', '2', '4', '12', 0]",3,2,4,12,0,4.2,4540000
13,Valencia CF,André Almeida,MD,1,0,0,0,3,3,"['-', '-', '-', '3', 0]",0,0,0,3,0,0.6,2180000
13,Valencia CF,Fran Pérez,MD,1,0,0,0,0,0,"['-', '-', '2', '-', 0]",0,0,2,0,0,0.4,350000
13,Valencia CF,Kluivert,MD,1,0,0,0,0,0,"['-', '-', '-', '-', 0]",0,0,0,0,0,0.0,2480000
13,Valencia CF,Jesús Santiago,MD,1,0,0,0,0,0,"['-', '-', '-', '-', 0]",0,0,0,0,0,0.0,360000
13,Valencia CF,Ilaix Moriba,MD,0,0,0,0,-4,-4,"['-', '-', '-', '-3', 0]",0,0,0,-3,0,-0.6,1540000
13,Valencia CF,Hugo Duro,DL,0,50,0,0,16,5.3,"['4', '2', '-', '10', 0]",4,2,0,10,0,3.2,4210000
13,Valencia CF,Marcos André,DL,0,50,0,0,9,3,"['-', '3', '4', '2', 0]",0,3,4,2,0,1.8,2670000
13,Valencia CF,Diego López Noguerol,DL,0,0,0,0,2,2,"['-', '-', '2', '-', 0]",0,0,2,0,0,0.4,460000
13,Valencia CF,Cavani,DL,0,0,0,0,0,0,"['-', '-', '-', '-', 0]",0,0,0,0,0,0.0,8380000
14,Real Valladolid CF,Sergio Asenjo,PT,4,75,0,0,5,1.7,"['-1', '0', '-', '5', 0]",-1,0,0,5,0,0.8,1880000
14,Real Valladolid CF,Masip,PT,4,25,0,0,3,3,"['-', '-', '3', '-', 0]",0,0,3,0,0,0.6,1300000
14,Real Valladolid CF,Joaquín Fernández,DF,4,75,0,0,15,3.8,"['1', '2', '2', '10', 0]",1,2,2,10,0,3.0,1320000
14,Real Valladolid CF,Javi Sánchez,DF,4,75,0,0,12,4,"['-', '5', '2', '5', 0]",0,5,2,5,0,2.4,1430000
14,Real Valladolid CF,Luis Pérez,DF,4,100,0,0,11,2.8,"['2', '2', '0', '7', 0]",2,2,0,7,0,2.2,1480000
14,Real Valladolid CF,Sergio Escudero,DF,3,100,0,0,7,1.8,"['6', '1', '-', '-', 0]",6,1,0,0,0,1.4,1250000
14,Real Valladolid CF,Jawad El Yamiq,DF,3,50,0,0,7,3.5,"['1', '2', '-1', '5', 0]",1,2,-1,5,0,1.4,1720000
14,Real Valladolid CF,Lucas Olaza,DF,4,0,0,0,3,1.5,"['1', '2', '-', '-', 0]",1,2,0,0,0,0.6,720000
14,Real Valladolid CF,Zouhair Feddal,DF,4,0,0,0,0,0,"['-', '-', '-', '-', 0]",0,0,0,0,0,0.0,1300000
14,Real Valladolid CF,Kike Pérez,MD,3,75,0,0,18,4.5,"['6', '2', '1', '9', 0]",6,2,1,9,0,3.6,1420000
14,Real Valladolid CF,Iván Sánchez,MD,4,75,0,0,17,4.3,"['6', '4', '2', '5', 0]",6,4,2,5,0,3.4,1950000
14,Real Valladolid CF,Óscar Plano,MD,2,25,1,0,16,4,"['2', '2', '6', '6', 0]",2,2,6,6,0,3.2,1870000
14,Real Valladolid CF,Anuar,MD,2,50,0,0,15,7.5,"['-', '14', '1', '-', 0]",0,14,1,0,0,3.0,2150000
14,Real Valladolid CF,Monchu,MD,4,50,0,0,15,3.8,"['4', '2', '2', '7', 0]",4,2,2,7,0,3.0,1320000
14,Real Valladolid CF,Álvaro Aguado,MD,4,100,0,1,13,3.3,"['3', '6', '2', '2', 0]",3,6,2,2,0,2.6,2510000
14,Real Valladolid CF,Roque Mesa,MD,2,75,0,0,11,2.8,"['2', '2', '2', '5', 0]",2,2,2,5,0,2.2,2280000
14,Real Valladolid CF,Gonzalo Plata,MD,1,25,0,0,4,2,"['2', '-', '-', '2', 0]",2,0,0,2,0,0.8,3410000
14,Real Valladolid CF,Kenedy,MD,2,0,0,0,0,0,"['-', '-', '-', '-', 0]",0,0,0,0,0,0.0,1530000
14,Real Valladolid CF,Mickael Malsa,MD,2,0,0,0,0,0,"['-', '-', '-', '-', 0]",0,0,0,0,0,0.0,820000
14,Real Valladolid CF,Sergio León,DL,1,25,0,0,12,3,"['2', '5', '1', '4', 0]",2,5,1,4,0,2.4,1900000
14,Real Valladolid CF,Shon Weissman,DL,1,0,1,0,9,9,"['-', '-', '-', '9', 0]",0,0,0,9,0,1.8,4880000
14,Real Valladolid CF,Sergi Guardiola,DL,1,75,0,0,6,2,"['-', '2', '2', '2', 0]",0,2,2,2,0,1.2,3690000
14,Real Valladolid CF,Narvaez,DL,1,0,0,0,2,2,"['-', '-', '-', '3', 0]",0,0,0,3,0,0.6,640000
14,Real Valladolid CF,Roberto Arroyo,DL,0,0,0,0,2,2,"['-', '-', '2', '-', 0]",0,0,2,0,0,0.4,230000
15,Cádiz CF,Jeremías Ledesma,PT,4,100,0,0,13,3.3,"['10', '0', '5', '-2', 0]",10,0,5,-2,0,2.6,3630000
15,Cádiz CF,David Gil,PT,4,0,0,0,0,0,"['-', '-', '-', '-', 0]",0,0,0,0,0,0.0,210000
15,Cádiz CF,Luis Hernández,DF,4,100,0,0,17,4.3,"['8', '6', '1', '2', 0]",8,6,1,2,0,3.4,3610000
15,Cádiz CF,Fali,DF,4,75,0,0,11,3.7,"['6', '3', '2', '-', 0]",6,3,2,0,0,2.2,1840000
15,Cádiz CF,Víctor Chust,DF,4,75,0,0,8,2,"['5', '1', '2', '0', 0]",5,1,2,0,0,1.6,1480000
15,Cádiz CF,Zaldua,DF,4,100,0,0,7,1.8,"['4', '2', '1', '0', 0]",4,2,1,0,0,1.4,1690000
15,Cádiz CF,Espino,DF,3,100,0,0,5,1.3,"['1', '2', '0', '2', 0]",1,2,0,2,0,1.0,3330000
15,Cádiz CF,Arzamendia,DF,4,50,0,0,4,1.3,"['2', '4', '-1', '-', 0]",2,4,-1,0,0,1.0,630000
15,Cádiz CF,Cala,DF,4,0,0,0,0,0,"['-', '-', '-', '-', 0]",0,0,0,0,0,0.0,340000
15,Cádiz CF,Iza Carcelén,DF,3,0,0,0,0,0,"['-', '-', '-', '-', 0]",0,0,0,0,0,0.0,380000
15,Cádiz CF,Momo Mbaye,DF,3,0,0,0,0,0,"['-', '-', '-', '-', 0]",0,0,0,0,0,0.0,340000
15,Cádiz CF,José Mari,MD,3,50,0,0,7,2.3,"['1', '3', '3', '-', 0]",1,3,3,0,0,1.4,900000
15,Cádiz CF,Fede San Emeterio,MD,2,25,0,0,7,2.3,"['-', '4', '1', '2', 0]",0,4,1,2,0,1.4,710000
15,Cádiz CF,Awer Mabil,MD,3,25,0,0,6,2,"['4', '2', '0', '-', 0]",4,2,0,0,0,1.2,1620000
15,Cádiz CF,Antonio Blanco,MD,3,50,0,0,5,2.5,"['-', '-', '1', '4', 0]",0,0,1,4,0,1.0,1060000
15,Cádiz CF,Tomás Alarcón,MD,3,50,0,0,5,1.7,"['4', '-1', '-', '2', 0]",4,-1,0,2,0,1.0,680000
15,Cádiz CF,Iván Alejo,MD,1,50,0,0,5,1.3,"['2', '2', '-1', '2', 0]",2,2,-1,2,0,1.0,630000
15,Cádiz CF,Mamady Diarra,MD,2,25,0,0,4,2,"['-', '-', '2', '2', 0]",0,0,2,2,0,0.8,380000
15,Cádiz CF,Álex Fernández,MD,1,0,0,0,4,2,"['2', '2', '-', '-', 0]",2,2,0,0,0,0.8,1790000
15,Cádiz CF,Brian Ocampo,MD,2,25,0,0,2,2,"['-', '-', '-', '2', 0]",0,0,0,2,0,0.4,1140000
15,Cádiz CF,Bongonda,MD,1,0,0,0,1,1,"['-', '-', '-', '1', 0]",0,0,0,1,0,0.2,2290000
15,Cádiz CF,Álvaro Bastida,MD,1,0,0,0,0,0,"['-', '-', '-', '-', 0]",0,0,0,0,0,0.0,270000
15,Cádiz CF,Rubén Alcaraz,MD,1,0,0,0,0,0,"['-', '-', '-', '-', 0]",0,0,0,0,0,0.0,2400000
15,Cádiz CF,Jon Ander Garrido,MD,0,0,0,0,0,0,"['-', '-', '-', '-', 0]",0,0,0,0,0,0.0,200000
15,Cádiz CF,Negredo,DL,0,25,0,0,9,3,"['2', '2', '5', '-', 0]",2,2,5,0,0,1.8,3080000
15,Cádiz CF,Lucas Pérez,DL,0,50,0,0,7,1.8,"['1', '2', '2', '2', 0]",1,2,2,2,0,1.4,4290000
15,Cádiz CF,Choco Lozano,DL,0,100,0,0,7,1.8,"['4', '0', '1', '2', 0]",4,0,1,2,0,1.4,3010000
15,Cádiz CF,Sobrino,DL,0,0,0,0,3,3,"['-', '-', '-', '3', 0]",0,0,0,3,0,0.6,1320000
15,Cádiz CF,Álvaro Giménez,DL,0,0,0,0,1,1,"['-', '-', '-', '1', 0]",0,0,0,1,0,0.2,250000
15,Cádiz CF,Iván Chapela,DL,0,0,0,0,0,0,"['-', '-', '-', '-', 0]",0,0,0,0,0,0.0,280000
16,UD Almería,Fernando Martínez,PT,4,100,0,0,29,7.3,"['12', '4', '7', '6', 0]",12,4,7,6,0,5.8,3310000
16,UD Almería,Pacheco,PT,4,0,0,0,0,0,"['-', '-', '-', '-', 0]",0,0,0,0,0,0.0,2410000
16,UD Almería,Rodrigo Ely,DF,4,100,0,0,20,5,"['6', '3', '6', '6', 0]",6,3,6,6,0,4.2,2320000
16,UD Almería,Akieme,DF,4,100,0,0,19,4.8,"['2', '5', '8', '4', 0]",2,5,8,4,0,3.8,2390000
16,UD Almería,Álex Pozo,DF,4,50,0,0,11,5.5,"['5', '4', '2', '0', 0]",5,4,2,0,0,2.2,1580000
16,UD Almería,Kaiky,DF,4,75,2,0,11,2.8,"['-', '-', '8', '3', 0]",0,0,8,3,0,2.2,2450000
16,UD Almería,Chumi,DF,4,25,0,1,9,3,"['4', '4', '2', '-', 0]",4,4,2,0,0,2.0,830000
16,UD Almería,Babic,DF,4,100,0,0,7,1.8,"['2', '2', '1', '2', 0]",2,2,1,2,0,1.4,1820000
16,UD Almería,Mendes,DF,3,0,2,0,1,1,"['-', '-', '1', '-', 0]",0,0,1,0,0,0.2,870000
16,UD Almería,Juanjo Nieto,DF,3,0,0,1,0,0,"['-', '-', '-', '-', 0]",0,0,0,0,0,0.0,330000
16,UD Almería,Iván Martos,DF,2,0,0,1,0,0,"['-', '-', '-', '-', 0]",0,0,0,0,0,0.0,220000
16,UD Almería,Álex Centelles,DF,2,0,0,0,0,0,"['-', '-', '-', '-', 0]",0,0,0,0,0,0.0,270000
16,UD Almería,Ramazani,MD,3,100,0,0,26,6.5,"['9', '7', '8', '2', 0]",9,7,8,2,0,5.2,6900000
16,UD Almería,Robertone,MD,3,100,0,0,21,5.3,"['3', '8', '5', '5', 0]",3,8,5,5,0,4.2,3850000
16,UD Almería,Eguaras,MD,2,75,0,0,14,4.7,"['8', '5', '1', '-', 0]",8,5,1,0,0,2.8,2730000
16,UD Almería,Samu Costa,MD,3,100,0,0,12,3,"['3', '5', '2', '1', 0]",3,5,2,1,0,2.2,2210000
16,UD Almería,Embarba,MD,2,0,0,0,6,3,"['4', '-', '-', '2', 0]",4,0,0,2,0,1.2,1620000
16,UD Almería,Francisco Portillo,MD,1,0,0,0,5,1.7,"['2', '2', '-', '1', 0]",2,2,0,1,0,1.0,1290000
16,UD Almería,De la Hoz,MD,3,25,0,0,4,2,"['-', '-', '2', '2', 0]",0,0,2,2,0,0.8,950000
16,UD Almería,Arnau Puigmal,MD,1,25,0,0,3,1.5,"['2', '1', '-', '-', 0]",2,1,0,0,0,0.6,570000
16,UD Almería,Lázaro Vinicius,MD,1,0,0,0,0,0,"['-', '-', '-', '-', 0]",0,0,0,0,0,0.0,1140000
16,UD Almería,Melero,MD,1,0,0,0,0,0,"['-', '-', '-', '-', 0]",0,0,0,0,0,0.0,1240000
16,UD Almería,Gui Guedes,MD,0,0,0,0,0,0,"['-', '-', '-', '-', 0]",0,0,0,0,0,0.0,570000
16,UD Almería,Svidersky,MD,0,0,0,0,0,0,"['-', '-', '-', '-', 0]",0,0,0,0,0,0.0,860000
16,UD Almería,Leo Baptistão,DL,0,25,0,0,9,3,"['-', '2', '3', '4', 0]",0,2,3,4,0,1.8,4380000
16,UD Almería,Dyego Sousa,DL,0,25,0,0,7,2.3,"['2', '2', '-', '3', 0]",2,2,0,3,0,1.4,1140000
16,UD Almería,Milovanovic,DL,0,0,0,0,2,2,"['-', '-', '-', '2', 0]",0,0,0,2,0,0.4,1540000
16,UD Almería,El Bilal Touré,DL,0,0,0,0,0,0,"['-', '-', '-', '-', 0]",0,0,0,0,0,0.0,2280000
17,Elche CF,Édgar Badía,PT,4,100,0,0,23,5.8,"['2', '7', '10', '4', 0]",2,7,10,4,0,4.6,2900000
17,Elche CF,Axel Werner,PT,4,0,0,0,0,0,"['-', '-', '-', '-', 0]",0,0,0,0,0,0.0,290000
17,Elche CF,Bigas,DF,4,100,0,0,11,2.8,"['0', '6', '4', '2', 0]",0,6,4,2,0,2.4,1710000
17,Elche CF,Helibelton Palacios,DF,4,50,0,0,8,2.7,"['4', '-', '4', '0', 0]",4,0,4,0,0,1.6,1630000
17,Elche CF,Enzo Roco,DF,4,100,0,0,7,1.8,"['-2', '6', '2', '1', 0]",-2,6,2,1,0,1.4,1820000
17,Elche CF,Pol Lirola,DF,3,50,0,0,7,3.5,"['-', '6', '1', '-', 0]",0,6,1,0,0,1.4,1490000
17,Elche CF,Clerc,DF,3,25,1,0,4,4,"['-', '-', '-', '4', 0]",0,0,0,4,0,0.8,730000
17,Elche CF,Diego González,DF,4,0,0,0,2,2,"['2', '-', '-', '-', 0]",2,0,0,0,0,0.4,470000
17,Elche CF,Fernández Mercau,DF,4,0,0,1,0,0,"['-', '-', '-', '-', 0]",0,0,0,0,0,0.0,810000
17,Elche CF,Federico Fernández,DF,4,0,0,0,0,0,"['-', '-', '-', '-', 0]",0,0,0,0,0,0.0,960000
17,Elche CF,Gonzalo Verdú,DF,3,0,0,0,0,0,"['-', '-', '-', '-', 0]",0,0,0,0,0,0.0,620000
17,Elche CF,John Donald,DF,2,25,0,0,-8,-8,"['-8', '-', '-', '-', 0]",-8,0,0,0,0,-1.6,240000
17,Elche CF,Álex Collado,MD,4,75,0,0,17,5.7,"['-', '8', '8', '2', 0]",0,8,8,2,0,3.6,3850000
17,Elche CF,Gumbau,MD,3,75,0,0,13,3.3,"['2', '5', '2', '4', 0]",2,5,2,4,0,2.6,1700000
17,Elche CF,Domingos Quina,MD,1,0,0,0,9,3,"['-', '5', '4', '1', 0]",0,5,4,1,0,2.0,1100000
17,Elche CF,Omar Mascarell,MD,2,100,0,0,7,1.8,"['0', '3', '2', '3', 0]",0,3,2,3,0,1.6,1790000
17,Elche CF,Tete Morente,MD,1,75,0,0,7,1.8,"['1', '2', '3', '1', 0]",1,2,3,1,0,1.4,1120000
17,Elche CF,Josan,MD,1,0,0,0,5,1.7,"['2', '2', '-', '1', 0]",2,2,0,1,0,1.0,920000
17,Elche CF,Raúl Guti,MD,3,25,0,0,4,2,"['-', '-', '4', '0', 0]",0,0,4,0,0,0.8,780000
17,Elche CF,Pastore,MD,3,0,0,0,1,1,"['1', '-', '-', '-', 0]",1,0,0,0,0,0.2,490000
17,Elche CF,Fidel,MD,1,25,0,0,1,1,"['-', '1', '-', '-', 0]",0,1,0,0,0,0.2,3790000
17,Elche CF,Álex Alfaro,MD,1,0,0,0,0,0,"['1', '-', '-', '-', 0]",1,0,0,0,0,0.2,250000
17,Elche CF,Pere Milla,DL,1,25,0,0,12,3,"['1', '5', '2', '2', 0]",1,5,2,2,0,2.0,3750000
17,Elche CF,Roger,DL,0,75,0,0,10,2.5,"['2', '2', '4', '2', 0]",2,2,4,2,0,2.0,4830000
17,Elche CF,Ezequiel Ponce,DL,0,75,0,0,10,2.5,"['3', '4', '2', '1', 0]",3,4,2,1,0,2.0,1900000
17,Elche CF,Lucas Boyé,DL,0,25,0,0,7,2.3,"['-', '4', '1', '2', 0]",0,4,1,2,0,1.4,5950000
18,Girona FC,Juan Carlos Martín,PT,4,100,0,0,16,4,"['2', '2', '8', '4', 0]",2,2,8,4,0,3.2,2440000
18,Girona FC,Toni Fuidias,PT,4,0,0,0,0,0,"['-', '-', '-', '-', 0]",0,0,0,0,0,0.0,470000
18,Girona FC,Gazzaniga,PT,4,0,0,0,0,0,"['-', '-', '-', '-', 0]",0,0,0,0,0,0.0,710000
18,Girona FC,Santiago Bueno,DF,4,100,0,0,22,5.5,"['7', '6', '6', '3', 0]",7,6,6,3,0,4.4,2970000
18,Girona FC,Miguel Gutiérrez,DF,4,75,1,0,18,4.5,"['3', '5', '6', '4', 0]",3,5,6,4,0,3.6,2980000
18,Girona FC,David López,DF,4,100,0,0,15,3.8,"['2', '1', '8', '4', 0]",2,1,8,4,0,3.0,2180000
18,Girona FC,Juanpe,DF,4,100,0,0,11,2.8,"['5', '2', '2', '2', 0]",5,2,2,2,0,2.2,2110000
18,Girona FC,Yan Couto,DF,3,75,0,0,10,3.3,"['4', '2', '4', '-', 0]",4,2,4,0,0,2.0,1080000
18,Girona FC,Arnau Martínez,DF,3,25,0,0,7,3.5,"['2', '-', '-', '5', 0]",2,0,0,5,0,1.4,1470000
18,Girona FC,Javi Hernández,DF,3,0,1,0,5,2.5,"['-', '1', '4', '-', 0]",0,1,4,0,0,1.0,750000
18,Girona FC,Valery,DF,3,25,0,1,2,2,"['2', '-', '-', '-', 0]",2,0,0,0,0,0.4,960000
18,Girona FC,Bernardo,DF,4,0,1,0,0,0,"['-', '-', '-', '-', 0]",0,0,0,0,0,0.0,2630000
18,Girona FC,Aleix García,MD,3,100,0,0,27,6.8,"['6', '8', '7', '6', 0]",6,8,7,6,0,5.4,5320000
18,Girona FC,Samu Sáiz,MD,3,25,0,0,16,4,"['1', '3', '4', '8', 0]",1,3,4,8,0,3.2,2780000
18,Girona FC,Yangel Herrera,MD,2,50,0,0,10,3.3,"['2', '7', '1', '-', 0]",2,7,1,0,0,2.0,2490000
18,Girona FC,Rodrigo Riquelme,MD,1,75,0,0,9,3,"['2', '5', '-', '2', 0]",2,5,0,2,0,1.8,3870000
18,Girona FC,Reinier,MD,2,25,0,0,6,2,"['-', '2', '2', '2', 0]",0,2,2,2,0,1.2,1480000
18,Girona FC,Toni Villa,MD,1,25,0,0,5,1.7,"['1', '-', '2', '2', 0]",1,0,2,2,0,1.0,1340000
18,Girona FC,Óscar Ureña,MD,3,25,0,0,5,2.5,"['3', '-', '2', '-', 0]",3,0,2,0,0,1.0,690000
18,Girona FC,Ramón Terrats,MD,1,25,0,0,4,1.3,"['2', '1', '1', '-', 0]",2,1,1,0,0,0.8,1090000
18,Girona FC,Oriol Romeu,MD,1,25,0,0,2,2,"['-', '-', '-', '2', 0]",0,0,0,2,0,0.4,1590000
18,Girona FC,Joel Roca,MD,1,0,0,0,0,0,"['-', '-', '-', '-', 0]",0,0,0,0,0,0.0,420000
18,Girona FC,Iván Martín,MD,1,0,0,0,0,0,"['-', '-', '-', '-', 0]",0,0,0,0,0,0.0,380000
18,Girona FC,Borja García,MD,0,0,0,0,0,0,"['-', '-', '-', '-', 0]",0,0,0,0,0,0.0,980000
18,Girona FC,Ibrahima Kébé,MD,0,0,0,0,0,0,"['-', '-', '-', '-', 0]",0,0,0,0,0,0.0,310000
18,Girona FC,Valentín Castellanos,DL,0,100,0,0,18,4.5,"['4', '9', '2', '3', 0]",4,9,2,3,0,3.6,6970000
18,Girona FC,Stuani,DL,0,50,0,0,14,4.7,"['2', '8', '4', '-', 0]",2,8,4,0,0,2.8,8880000
18,Girona FC,Manu Vallejo,DL,0,0,0,0,5,5,"['-', '-', '-', '5', 0]",0,0,0,5,0,1.0,610000
19,RC Celta de Vigo,Marchesin,PT,4,100,0,0,16,4,"['0', '3', '8', '5', 0]",0,3,8,5,0,3.2,2970000
19,RC Celta de Vigo,Iván Villar,PT,4,0,5,0,0,0,"['-', '-', '-', '-', 0]",0,0,0,0,0,0.0,320000
19,RC Celta de Vigo,Unai Núñez,DF,4,100,0,1,19,4.8,"['3', '1', '8', '7', 0]",3,1,8,7,0,3.8,3260000
19,RC Celta de Vigo,Aidoo,DF,4,100,0,0,17,4.3,"['2', '2', '5', '8', 0]",2,2,5,8,0,3.4,2360000
19,RC Celta de Vigo,Javi Galán,DF,4,100,0,0,14,3.5,"['3', '2', '2', '7', 0]",3,2,2,7,0,2.8,4740000
19,RC Celta de Vigo,Hugo Mallo,DF,4,100,0,1,13,3.3,"['4', '0', '4', '5', 0]",4,0,4,5,0,2.6,2880000
19,RC Celta de Vigo,Carlos Domínguez,DF,4,0,0,0,0,0,"['-4', '-', '-', '4', 0]",-4,0,0,4,0,0.0,300000
19,RC Celta de Vigo,Kevin Vázquez,DF,4,0,0,0,0,0,"['-', '-', '-', '-', 0]",0,0,0,0,0,0.0,470000
19,RC Celta de Vigo,Mingueza,DF,4,0,1,0,0,0,"['-', '-', '-', '-', 0]",0,0,0,0,0,0.0,1260000
19,RC Celta de Vigo,Óscar Rodríguez,MD,4,100,0,0,27,6.8,"['5', '4', '6', '12', 0]",5,4,6,12,0,5.4,5570000
19,RC Celta de Vigo,Renato Tapia,MD,4,75,0,1,17,4.3,"['4', '2', '6', '5', 0]",4,2,6,5,0,3.4,1360000
19,RC Celta de Vigo,Franco Cervi,MD,3,100,1,0,16,4,"['4', '3', '4', '5', 0]",4,3,4,5,0,3.2,3150000
19,RC Celta de Vigo,Fran Beltrán,MD,3,100,0,1,13,3.3,"['2', '4', '4', '3', 0]",2,4,4,3,0,2.6,3530000
19,RC Celta de Vigo,Carles Pérez,MD,4,50,0,1,13,3.3,"['1', '3', '7', '2', 0]",1,3,7,2,0,2.6,3520000
19,RC Celta de Vigo,Gabriel Veiga,MD,1,0,0,1,11,2.8,"['1', '2', '2', '6', 0]",1,2,2,6,0,2.2,610000
19,RC Celta de Vigo,Augusto Solari,MD,2,25,0,0,8,2.7,"['3', '-', '2', '3', 0]",3,0,2,3,0,1.6,800000
19,RC Celta de Vigo,Luca de la Torre,MD,2,0,0,0,4,2,"['-', '2', '-', '2', 0]",0,2,0,2,0,0.8,1170000
19,RC Celta de Vigo,Denis Suárez,MD,1,0,0,0,0,0,"['-', '-', '-', '-', 0]",0,0,0,0,0,0.0,3140000
19,RC Celta de Vigo,Hugo Álvarez,MD,0,0,0,0,0,0,"['-', '-', '-', '-', 0]",0,0,0,0,0,0.0,210000
19,RC Celta de Vigo,Swedberg,MD,0,0,0,0,0,0,"['-', '-', '-', '-', 0]",0,0,0,0,0,0.0,1640000
19,RC Celta de Vigo,Iago Aspas,DL,0,100,0,0,47,11.8,"['10', '10', '10', '17', 0]",10,10,10,17,0,9.4,25290000
19,RC Celta de Vigo,Gonzalo Paciencia,DL,0,50,0,0,13,4.3,"['9', '2', '2', '-', 0]",9,2,2,0,0,2.6,6090000
19,RC Celta de Vigo,Strand Larsen,DL,0,0,0,0,5,5,"['-', '-', '-', '5', 0]",0,0,0,5,0,1.0,3130000
20,Sevilla FC,Bono,PT,4,100,0,0,8,2,"['2', '3', '2', '1', 0]",2,3,2,1,0,1.6,5640000
20,Sevilla FC,Dmitrovic,PT,4,0,0,0,0,0,"['-', '-', '-', '-', 0]",0,0,0,0,0,0.0,530000
20,Sevilla FC,Marcos Acuña,DF,4,75,0,0,15,5,"['4', '4', '-', '7', 0]",4,4,0,7,0,3.0,6350000
20,Sevilla FC,Rekik,DF,3,75,0,0,15,5,"['1', '12', '2', '-', 0]",1,12,2,0,0,3.0,2860000
20,Sevilla FC,Álex Telles,DF,3,25,0,0,10,3.3,"['-', '4', '4', '2', 0]",0,4,4,2,0,2.0,2690000
20,Sevilla FC,Nianzou,DF,4,75,0,1,10,3.3,"['2', '1', '7', '-', 0]",2,1,7,0,0,2.0,4450000
20,Sevilla FC,José Ángel Carmona,DF,3,0,1,0,8,4,"['-', '-', '2', '6', 0]",0,0,2,6,0,1.6,380000
20,Sevilla FC,Gonzalo Montiel,DF,3,50,1,0,2,1,"['-', '2', '-', '0', 0]",0,2,0,0,0,0.4,970000
20,Sevilla FC,Jesús Navas,DF,3,50,0,0,1,0.5,"['1', '-', '0', '-', 0]",1,0,0,0,0,0.2,5110000
20,Sevilla FC,Marcão,DF,2,0,0,0,0,0,"['-', '-', '-', '-', 0]",0,0,0,0,0,0.0,4180000
20,Sevilla FC,Papu Gómez,MD,2,75,0,0,22,5.5,"['7', '5', '4', '6', 0]",7,5,4,6,0,4.4,6520000
20,Sevilla FC,Fernando Reges,MD,2,100,0,0,21,5.3,"['6', '5', '5', '5', 0]",6,5,5,5,0,4.2,6580000
20,Sevilla FC,Óliver Torres,MD,2,50,1,0,14,7,"['-', '6', '8', '-', 0]",0,6,8,0,0,2.8,1450000
20,Sevilla FC,Isco,MD,3,25,0,0,12,4,"['-', '2', '5', '5', 0]",0,2,5,5,0,2.4,8980000
20,Sevilla FC,Delaney,MD,4,25,0,0,10,3.3,"['5', '-', '3', '2', 0]",5,0,3,2,0,2.0,2190000
20,Sevilla FC,Joan Jordan,MD,3,75,0,0,9,3,"['-', '4', '3', '2', 0]",0,4,3,2,0,1.8,4520000
20,Sevilla FC,Rakitic,MD,3,25,0,0,8,2.7,"['2', '2', '-', '4', 0]",2,2,0,4,0,1.6,4950000
20,Sevilla FC,Gudelj,MD,3,50,0,1,6,3,"['4', '-', '-', '2', 0]",4,0,0,2,0,1.2,790000
20,Sevilla FC,Pedro Ortiz,MD,3,0,0,0,0,0,"['-', '-', '-', '-', 0]",0,0,0,0,0,0.0,220000
20,Sevilla FC,Erik Lamela,DL,1,75,0,0,14,3.5,"['2', '8', '1', '3', 0]",2,8,1,3,0,2.8,6040000
20,Sevilla FC,Rafa Mir,DL,2,75,0,0,11,3.7,"['9', '-1', '3', '-', 0]",9,-1,3,0,0,2.2,7360000
20,Sevilla FC,En-Nesyri,DL,1,25,0,0,7,1.8,"['2', '2', '2', '1', 0]",2,2,2,1,0,1.4,6880000
20,Sevilla FC,Dolberg,DL,1,0,0,0,2,2,"['2', '-', '-', '-', 0]",2,0,0,0,0,0.4,2820000
20,Sevilla FC,Jesús Corona,DL,1,25,0,0,2,2,"['-', '-', '-', '2', 0]",0,0,0,2,0,0.4,4980000
20,Sevilla FC,Suso,DL,0,0,0,0,2,2,"['-', '-', '-', '2', 0]",0,0,0,2,0,0.4,2070000
20,Sevilla FC,Januzaj,DL,0,0,0,0,0,0,"['-', '-', '-', '-', 0]",0,0,0,0,0,0.0,2440000
